@_fa,link,prism:url,dc:identifier,eid,dc:title,dc:creator,prism:publicationName,prism:issn,prism:volume,prism:issueIdentifier,prism:pageRange,prism:coverDate,prism:coverDisplayDate,prism:doi,pii,citedby-count,affiliation,prism:aggregationType,subtype,subtypeDescription,source-id,openaccess,openaccessFlag,pubmed-id,freetoread,freetoreadLabel,prism:isbn,abstract
true,"[{'@_fa': 'true', '@ref': 'self', '@href': 'https://api.elsevier.com/content/abstract/scopus_id/0342955040'}, {'@_fa': 'true', '@ref': 'author-affiliation', '@href': 'https://api.elsevier.com/content/abstract/scopus_id/0342955040?field=author,affiliation'}, {'@_fa': 'true', '@ref': 'scopus', '@href': 'https://www.scopus.com/inward/record.uri?partnerID=HzOxMe3b&scp=0342955040&origin=inward'}, {'@_fa': 'true', '@ref': 'scopus-citedby', '@href': 'https://www.scopus.com/inward/citedby.uri?partnerID=HzOxMe3b&scp=0342955040&origin=inward'}, {'@_fa': 'true', '@ref': 'full-text', '@href': 'https://api.elsevier.com/content/article/eid/1-s2.0-S0167923600000920'}]",https://api.elsevier.com/content/abstract/scopus_id/0342955040,SCOPUS_ID:0342955040,2-s2.0-0342955040,Automated learning of patient image retrieval knowledge: Neural networks versus inductive decision trees,Liu Sheng O.R.,Decision Support Systems,01679236,30,2,105-124,2000-12-27,27 December 2000,10.1016/S0167-9236(00)00092-0,S0167923600000920,16,"[{'@_fa': 'true', 'affilname': 'The University of Arizona', 'affiliation-city': 'Tucson', 'affiliation-country': 'United States'}]",Journal,ar,Article,21933,0,False,,,,,No abstract available
true,"[{'@_fa': 'true', '@ref': 'self', '@href': 'https://api.elsevier.com/content/abstract/scopus_id/0034544528'}, {'@_fa': 'true', '@ref': 'author-affiliation', '@href': 'https://api.elsevier.com/content/abstract/scopus_id/0034544528?field=author,affiliation'}, {'@_fa': 'true', '@ref': 'scopus', '@href': 'https://www.scopus.com/inward/record.uri?partnerID=HzOxMe3b&scp=0034544528&origin=inward'}, {'@_fa': 'true', '@ref': 'scopus-citedby', '@href': 'https://www.scopus.com/inward/citedby.uri?partnerID=HzOxMe3b&scp=0034544528&origin=inward'}, {'@_fa': 'true', '@ref': 'full-text', '@href': 'https://api.elsevier.com/content/article/eid/1-s2.0-S0167923600000968'}]",https://api.elsevier.com/content/abstract/scopus_id/0034544528,SCOPUS_ID:0034544528,2-s2.0-0034544528,Hypermedia-based group decision support system to support collaborative medical decision-making,Rao G.,Decision Support Systems,01679236,30,2,187-216,2000-12-27,27 December 2000,10.1016/S0167-9236(00)00096-8,S0167923600000968,22,"[{'@_fa': 'true', 'affilname': 'Quantum Enterprises, Inc.', 'affiliation-city': None, 'affiliation-country': 'United States'}]",Journal,ar,Article,21933,0,False,,,,,No abstract available
true,"[{'@_fa': 'true', '@ref': 'self', '@href': 'https://api.elsevier.com/content/abstract/scopus_id/0034541398'}, {'@_fa': 'true', '@ref': 'author-affiliation', '@href': 'https://api.elsevier.com/content/abstract/scopus_id/0034541398?field=author,affiliation'}, {'@_fa': 'true', '@ref': 'scopus', '@href': 'https://www.scopus.com/inward/record.uri?partnerID=HzOxMe3b&scp=0034541398&origin=inward'}, {'@_fa': 'true', '@ref': 'scopus-citedby', '@href': 'https://www.scopus.com/inward/citedby.uri?partnerID=HzOxMe3b&scp=0034541398&origin=inward'}, {'@_fa': 'true', '@ref': 'full-text', '@href': 'https://api.elsevier.com/content/article/eid/1-s2.0-S0164121200000649'}]",https://api.elsevier.com/content/abstract/scopus_id/0034541398,SCOPUS_ID:0034541398,2-s2.0-0034541398,Heuristic search revisited,Al-Ayyoub A.,Journal of Systems and Software,01641212,55,2,103-113,2000-12-27,27 December 2000,10.1016/S0164-1212(00)00064-9,S0164121200000649,6,"[{'@_fa': 'true', 'affilname': 'Jordan University of Science and Technology', 'affiliation-city': 'Irbid', 'affiliation-country': 'Jordan'}]",Journal,ar,Article,19309,0,False,,,,,No abstract available
true,"[{'@_fa': 'true', '@ref': 'self', '@href': 'https://api.elsevier.com/content/abstract/scopus_id/0034707204'}, {'@_fa': 'true', '@ref': 'author-affiliation', '@href': 'https://api.elsevier.com/content/abstract/scopus_id/0034707204?field=author,affiliation'}, {'@_fa': 'true', '@ref': 'scopus', '@href': 'https://www.scopus.com/inward/record.uri?partnerID=HzOxMe3b&scp=0034707204&origin=inward'}, {'@_fa': 'true', '@ref': 'scopus-citedby', '@href': 'https://www.scopus.com/inward/citedby.uri?partnerID=HzOxMe3b&scp=0034707204&origin=inward'}, {'@_fa': 'true', '@ref': 'full-text', '@href': 'https://api.elsevier.com/content/article/eid/1-s2.0-S0378111900004315'}]",https://api.elsevier.com/content/abstract/scopus_id/0034707204,SCOPUS_ID:0034707204,2-s2.0-0034707204,Using BLAST for identifying gene and protein names in journal articles,Krauthammer M.,Gene,03781119,259,1-2,245-252,2000-12-23,23 December 2000,10.1016/S0378-1119(00)00431-5,S0378111900004315,154,"[{'@_fa': 'true', 'affilname': 'Columbia University', 'affiliation-city': 'New York', 'affiliation-country': 'United States'}]",Journal,ar,Article,15636,0,False,11163982,,,,No abstract available
true,"[{'@_fa': 'true', '@ref': 'self', '@href': 'https://api.elsevier.com/content/abstract/scopus_id/0034704229'}, {'@_fa': 'true', '@ref': 'author-affiliation', '@href': 'https://api.elsevier.com/content/abstract/scopus_id/0034704229?field=author,affiliation'}, {'@_fa': 'true', '@ref': 'scopus', '@href': 'https://www.scopus.com/inward/record.uri?partnerID=HzOxMe3b&scp=0034704229&origin=inward'}, {'@_fa': 'true', '@ref': 'scopus-citedby', '@href': 'https://www.scopus.com/inward/citedby.uri?partnerID=HzOxMe3b&scp=0034704229&origin=inward'}]",https://api.elsevier.com/content/abstract/scopus_id/0034704229,SCOPUS_ID:0034704229,2-s2.0-0034704229,A global geometric framework for nonlinear dimensionality reduction,Tenenbaum J.B.,Science,00368075,290,5500,2319-2323,2000-12-22,22 December 2000,10.1126/science.290.5500.2319,,11275,"[{'@_fa': 'true', 'affilname': 'Stanford University', 'affiliation-city': 'Stanford', 'affiliation-country': 'United States'}]",Journal,ar,Article,23571,0,False,11125149,,,,No abstract available
true,"[{'@_fa': 'true', '@ref': 'self', '@href': 'https://api.elsevier.com/content/abstract/scopus_id/0034704222'}, {'@_fa': 'true', '@ref': 'author-affiliation', '@href': 'https://api.elsevier.com/content/abstract/scopus_id/0034704222?field=author,affiliation'}, {'@_fa': 'true', '@ref': 'scopus', '@href': 'https://www.scopus.com/inward/record.uri?partnerID=HzOxMe3b&scp=0034704222&origin=inward'}, {'@_fa': 'true', '@ref': 'scopus-citedby', '@href': 'https://www.scopus.com/inward/citedby.uri?partnerID=HzOxMe3b&scp=0034704222&origin=inward'}]",https://api.elsevier.com/content/abstract/scopus_id/0034704222,SCOPUS_ID:0034704222,2-s2.0-0034704222,Nonlinear dimensionality reduction by locally linear embedding,Roweis S.T.,Science,00368075,290,5500,2323-2326,2000-12-22,22 December 2000,10.1126/science.290.5500.2323,,12885,"[{'@_fa': 'true', 'affilname': 'Gatsby Computational Neuroscience Unit', 'affiliation-city': 'London', 'affiliation-country': 'United Kingdom'}]",Journal,ar,Article,23571,0,False,11125150,,,,No abstract available
true,"[{'@_fa': 'true', '@ref': 'self', '@href': 'https://api.elsevier.com/content/abstract/scopus_id/0034704189'}, {'@_fa': 'true', '@ref': 'author-affiliation', '@href': 'https://api.elsevier.com/content/abstract/scopus_id/0034704189?field=author,affiliation'}, {'@_fa': 'true', '@ref': 'scopus', '@href': 'https://www.scopus.com/inward/record.uri?partnerID=HzOxMe3b&scp=0034704189&origin=inward'}, {'@_fa': 'true', '@ref': 'scopus-citedby', '@href': 'https://www.scopus.com/inward/citedby.uri?partnerID=HzOxMe3b&scp=0034704189&origin=inward'}]",https://api.elsevier.com/content/abstract/scopus_id/0034704189,SCOPUS_ID:0034704189,2-s2.0-0034704189,The manifold ways of perception,Seung H.,Science,00368075,290,5500,2268-2269,2000-12-22,22 December 2000,10.1126/science.290.5500.2268,,790,"[{'@_fa': 'true', 'affilname': 'Howard Hughes Medical Institute', 'affiliation-city': 'Chevy Chase', 'affiliation-country': 'United States'}]",Journal,sh,Short Survey,23571,0,False,11188725,,,,No abstract available
true,"[{'@_fa': 'true', '@ref': 'self', '@href': 'https://api.elsevier.com/content/abstract/scopus_id/0346672474'}, {'@_fa': 'true', '@ref': 'author-affiliation', '@href': 'https://api.elsevier.com/content/abstract/scopus_id/0346672474?field=author,affiliation'}, {'@_fa': 'true', '@ref': 'scopus', '@href': 'https://www.scopus.com/inward/record.uri?partnerID=HzOxMe3b&scp=0346672474&origin=inward'}, {'@_fa': 'true', '@ref': 'scopus-citedby', '@href': 'https://www.scopus.com/inward/citedby.uri?partnerID=HzOxMe3b&scp=0346672474&origin=inward'}, {'@_fa': 'true', '@ref': 'full-text', '@href': 'https://api.elsevier.com/content/article/eid/1-s2.0-S0166218X9900205X'}]",https://api.elsevier.com/content/abstract/scopus_id/0346672474,SCOPUS_ID:0346672474,2-s2.0-0346672474,On the relations between SAT and CSP enumerative algorithms,Génisson R.,Discrete Applied Mathematics,0166218X,107,1-3,27-40,2000-12-21,21 December 2000,10.1016/S0166-218X(99)00205-X,S0166218X9900205X,3,"[{'@_fa': 'true', 'affilname': 'CNRS Centre National de la Recherche Scientifique', 'affiliation-city': 'Paris', 'affiliation-country': 'France'}]",Journal,ar,Article,25890,1,True,,,,,No abstract available
true,"[{'@_fa': 'true', '@ref': 'self', '@href': 'https://api.elsevier.com/content/abstract/scopus_id/0033662404'}, {'@_fa': 'true', '@ref': 'author-affiliation', '@href': 'https://api.elsevier.com/content/abstract/scopus_id/0033662404?field=author,affiliation'}, {'@_fa': 'true', '@ref': 'scopus', '@href': 'https://www.scopus.com/inward/record.uri?partnerID=HzOxMe3b&scp=0033662404&origin=inward'}, {'@_fa': 'true', '@ref': 'scopus-citedby', '@href': 'https://www.scopus.com/inward/citedby.uri?partnerID=HzOxMe3b&scp=0033662404&origin=inward'}]",https://api.elsevier.com/content/abstract/scopus_id/0033662404,SCOPUS_ID:0033662404,2-s2.0-0033662404,Who owns plant genetics?,,Nature Genetics,10614036,26,4,385-386,2000-12-18,2000,10.1038/82487,,0,,Journal,ed,Editorial,18990,1,True,11101824,"{'value': [{'$': 'all'}, {'$': 'publisherfree2read'}]}","{'value': [{'$': 'All Open Access'}, {'$': 'Bronze'}]}",,No abstract available
true,"[{'@_fa': 'true', '@ref': 'self', '@href': 'https://api.elsevier.com/content/abstract/scopus_id/0033712950'}, {'@_fa': 'true', '@ref': 'author-affiliation', '@href': 'https://api.elsevier.com/content/abstract/scopus_id/0033712950?field=author,affiliation'}, {'@_fa': 'true', '@ref': 'scopus', '@href': 'https://www.scopus.com/inward/record.uri?partnerID=HzOxMe3b&scp=0033712950&origin=inward'}, {'@_fa': 'true', '@ref': 'scopus-citedby', '@href': 'https://www.scopus.com/inward/citedby.uri?partnerID=HzOxMe3b&scp=0033712950&origin=inward'}]",https://api.elsevier.com/content/abstract/scopus_id/0033712950,SCOPUS_ID:0033712950,2-s2.0-0033712950,Multi-sensors and environment simulator for collision avoidance applications,Bouaziz S.,"Computer Architectures for Machine Perception, Proceedings (CAMP)",,,,127-130,2000-12-11,2000,,,1,"[{'@_fa': 'true', 'affilname': 'Université Paris-Saclay', 'affiliation-city': 'Gif-sur-Yvette', 'affiliation-country': 'France'}]",Conference Proceeding,ar,Article,21100522969,0,False,,,,,
true,"[{'@_fa': 'true', '@ref': 'self', '@href': 'https://api.elsevier.com/content/abstract/scopus_id/0033661388'}, {'@_fa': 'true', '@ref': 'author-affiliation', '@href': 'https://api.elsevier.com/content/abstract/scopus_id/0033661388?field=author,affiliation'}, {'@_fa': 'true', '@ref': 'scopus', '@href': 'https://www.scopus.com/inward/record.uri?partnerID=HzOxMe3b&scp=0033661388&origin=inward'}, {'@_fa': 'true', '@ref': 'scopus-citedby', '@href': 'https://www.scopus.com/inward/citedby.uri?partnerID=HzOxMe3b&scp=0033661388&origin=inward'}]",https://api.elsevier.com/content/abstract/scopus_id/0033661388,SCOPUS_ID:0033661388,2-s2.0-0033661388,Generation of user profiles for information filtering - research agenda,Kuflik T.,SIGIR Forum (ACM Special Interest Group on Information Retrieval),01635840,,,313-315,2000-12-11,2000,,,24,"[{'@_fa': 'true', 'affilname': 'Ben-Gurion University of the Negev', 'affiliation-city': 'Beer-Sheva', 'affiliation-country': 'Israel'}]",Journal,ar,Article,15745,0,False,,,,,
true,"[{'@_fa': 'true', '@ref': 'self', '@href': 'https://api.elsevier.com/content/abstract/scopus_id/0000128522'}, {'@_fa': 'true', '@ref': 'author-affiliation', '@href': 'https://api.elsevier.com/content/abstract/scopus_id/0000128522?field=author,affiliation'}, {'@_fa': 'true', '@ref': 'scopus', '@href': 'https://www.scopus.com/inward/record.uri?partnerID=HzOxMe3b&scp=0000128522&origin=inward'}, {'@_fa': 'true', '@ref': 'scopus-citedby', '@href': 'https://www.scopus.com/inward/citedby.uri?partnerID=HzOxMe3b&scp=0000128522&origin=inward'}]",https://api.elsevier.com/content/abstract/scopus_id/0000128522,SCOPUS_ID:0000128522,2-s2.0-0000128522,Wide field imaging - I. Applications of neural networks to object detection and star/galaxy classification,Andreon S.,Monthly Notices of the Royal Astronomical Society,00358711,319,3,700-716,2000-12-11,11 December 2000,10.1046/j.1365-8711.2000.03700.x,,62,"[{'@_fa': 'true', 'affilname': 'Osservatorio Astronomico di Capodimonte', 'affiliation-city': 'Naples', 'affiliation-country': 'Italy'}]",Journal,ar,Article,28218,1,True,,"{'value': [{'$': 'all'}, {'$': 'publisherfree2read'}]}","{'value': [{'$': 'All Open Access'}, {'$': 'Bronze'}]}",,No abstract available
true,"[{'@_fa': 'true', '@ref': 'self', '@href': 'https://api.elsevier.com/content/abstract/scopus_id/0033709362'}, {'@_fa': 'true', '@ref': 'author-affiliation', '@href': 'https://api.elsevier.com/content/abstract/scopus_id/0033709362?field=author,affiliation'}, {'@_fa': 'true', '@ref': 'scopus', '@href': 'https://www.scopus.com/inward/record.uri?partnerID=HzOxMe3b&scp=0033709362&origin=inward'}, {'@_fa': 'true', '@ref': 'scopus-citedby', '@href': 'https://www.scopus.com/inward/citedby.uri?partnerID=HzOxMe3b&scp=0033709362&origin=inward'}]",https://api.elsevier.com/content/abstract/scopus_id/0033709362,SCOPUS_ID:0033709362,2-s2.0-0033709362,A critical evaluation of the evidence on the association between type of infant feeding and cognitive development,Drane D.,Paediatric and Perinatal Epidemiology,02695022,14,4,349-356,2000-12-04,2000,10.1046/j.1365-3016.2000.00301.x,,112,"[{'@_fa': 'true', 'affilname': 'Northwestern University', 'affiliation-city': 'Evanston', 'affiliation-country': 'United States'}]",Journal,ar,Article,15634,0,False,11101022,,,,No abstract available
true,"[{'@_fa': 'true', '@ref': 'self', '@href': 'https://api.elsevier.com/content/abstract/scopus_id/0033679344'}, {'@_fa': 'true', '@ref': 'author-affiliation', '@href': 'https://api.elsevier.com/content/abstract/scopus_id/0033679344?field=author,affiliation'}, {'@_fa': 'true', '@ref': 'scopus', '@href': 'https://www.scopus.com/inward/record.uri?partnerID=HzOxMe3b&scp=0033679344&origin=inward'}, {'@_fa': 'true', '@ref': 'scopus-citedby', '@href': 'https://www.scopus.com/inward/citedby.uri?partnerID=HzOxMe3b&scp=0033679344&origin=inward'}]",https://api.elsevier.com/content/abstract/scopus_id/0033679344,SCOPUS_ID:0033679344,2-s2.0-0033679344,Instance-based manifesto?,Jelasity M.,Behavioral and Brain Sciences,0140525X,23,4,482-483,2000-12-04,2000,10.1017/S0140525X00383352,,1,"[{'@_fa': 'true', 'affilname': 'Szegedi Tudományegyetem (SZTE)', 'affiliation-city': 'Szeged', 'affiliation-country': 'Hungary'}]",Journal,sh,Short Survey,12108,0,False,,"{'value': [{'$': 'all'}, {'$': 'repository'}, {'$': 'repositoryam'}]}","{'value': [{'$': 'All Open Access'}, {'$': 'Green'}]}",,No abstract available
true,"[{'@_fa': 'true', '@ref': 'self', '@href': 'https://api.elsevier.com/content/abstract/scopus_id/0033748591'}, {'@_fa': 'true', '@ref': 'author-affiliation', '@href': 'https://api.elsevier.com/content/abstract/scopus_id/0033748591?field=author,affiliation'}, {'@_fa': 'true', '@ref': 'scopus', '@href': 'https://www.scopus.com/inward/record.uri?partnerID=HzOxMe3b&scp=0033748591&origin=inward'}, {'@_fa': 'true', '@ref': 'scopus-citedby', '@href': 'https://www.scopus.com/inward/citedby.uri?partnerID=HzOxMe3b&scp=0033748591&origin=inward'}]",https://api.elsevier.com/content/abstract/scopus_id/0033748591,SCOPUS_ID:0033748591,2-s2.0-0033748591,Visual routines for eye location using learning and evolution,Huang J.,IEEE Transactions on Evolutionary Computation,1089778X,4,1,73-82,2000-12-03,2000,10.1109/4235.843496,,52,"[{'@_fa': 'true', 'affilname': 'Indiana University-Purdue University Indianapolis', 'affiliation-city': 'Indianapolis', 'affiliation-country': 'United States'}]",Journal,ar,Article,25037,0,False,,,,,No abstract available
true,"[{'@_fa': 'true', '@ref': 'self', '@href': 'https://api.elsevier.com/content/abstract/scopus_id/0033747578'}, {'@_fa': 'true', '@ref': 'author-affiliation', '@href': 'https://api.elsevier.com/content/abstract/scopus_id/0033747578?field=author,affiliation'}, {'@_fa': 'true', '@ref': 'scopus', '@href': 'https://www.scopus.com/inward/record.uri?partnerID=HzOxMe3b&scp=0033747578&origin=inward'}, {'@_fa': 'true', '@ref': 'scopus-citedby', '@href': 'https://www.scopus.com/inward/citedby.uri?partnerID=HzOxMe3b&scp=0033747578&origin=inward'}]",https://api.elsevier.com/content/abstract/scopus_id/0033747578,SCOPUS_ID:0033747578,2-s2.0-0033747578,Law discovery from financial data using neural networks,Saito K.,"IEEE/IAFE Conference on Computational Intelligence for Financial Engineering, Proceedings (CIFEr)",,,,209-212,2000-12-03,2000,,,2,"[{'@_fa': 'true', 'affilname': 'NTT Communication Science Laboratories', 'affiliation-city': 'Seika', 'affiliation-country': 'Japan'}]",Conference Proceeding,cp,Conference Paper,56380,0,False,,,,"[{'@_fa': 'true', '$': '[0780364295, 9780780364295]'}]",
true,"[{'@_fa': 'true', '@ref': 'self', '@href': 'https://api.elsevier.com/content/abstract/scopus_id/0033743073'}, {'@_fa': 'true', '@ref': 'author-affiliation', '@href': 'https://api.elsevier.com/content/abstract/scopus_id/0033743073?field=author,affiliation'}, {'@_fa': 'true', '@ref': 'scopus', '@href': 'https://www.scopus.com/inward/record.uri?partnerID=HzOxMe3b&scp=0033743073&origin=inward'}, {'@_fa': 'true', '@ref': 'scopus-citedby', '@href': 'https://www.scopus.com/inward/citedby.uri?partnerID=HzOxMe3b&scp=0033743073&origin=inward'}]",https://api.elsevier.com/content/abstract/scopus_id/0033743073,SCOPUS_ID:0033743073,2-s2.0-0033743073,Quad-Q-learning,Clausen C.,IEEE Transactions on Neural Networks,10459227,11,2,279-294,2000-12-03,2000,10.1109/72.839000,,16,"[{'@_fa': 'true', 'affilname': 'Unisys Corporation', 'affiliation-city': 'Blue Bell', 'affiliation-country': 'United States'}]",Journal,ar,Article,24243,0,False,,,,,No abstract available
true,"[{'@_fa': 'true', '@ref': 'self', '@href': 'https://api.elsevier.com/content/abstract/scopus_id/0033740422'}, {'@_fa': 'true', '@ref': 'author-affiliation', '@href': 'https://api.elsevier.com/content/abstract/scopus_id/0033740422?field=author,affiliation'}, {'@_fa': 'true', '@ref': 'scopus', '@href': 'https://www.scopus.com/inward/record.uri?partnerID=HzOxMe3b&scp=0033740422&origin=inward'}, {'@_fa': 'true', '@ref': 'scopus-citedby', '@href': 'https://www.scopus.com/inward/citedby.uri?partnerID=HzOxMe3b&scp=0033740422&origin=inward'}]",https://api.elsevier.com/content/abstract/scopus_id/0033740422,SCOPUS_ID:0033740422,2-s2.0-0033740422,FeNAs: a fuzzy e-negotiation agents system,Kowalczyk R.,"IEEE/IAFE Conference on Computational Intelligence for Financial Engineering, Proceedings (CIFEr)",,,,26-29,2000-12-03,2000,,,16,"[{'@_fa': 'true', 'affilname': 'Commonwealth Scientific and Industrial Research Organisation', 'affiliation-city': 'Canberra', 'affiliation-country': 'Australia'}]",Conference Proceeding,cp,Conference Paper,56380,0,False,,,,"[{'@_fa': 'true', '$': '[0780364295, 9780780364295]'}]",
true,"[{'@_fa': 'true', '@ref': 'self', '@href': 'https://api.elsevier.com/content/abstract/scopus_id/0033736732'}, {'@_fa': 'true', '@ref': 'author-affiliation', '@href': 'https://api.elsevier.com/content/abstract/scopus_id/0033736732?field=author,affiliation'}, {'@_fa': 'true', '@ref': 'scopus', '@href': 'https://www.scopus.com/inward/record.uri?partnerID=HzOxMe3b&scp=0033736732&origin=inward'}, {'@_fa': 'true', '@ref': 'scopus-citedby', '@href': 'https://www.scopus.com/inward/citedby.uri?partnerID=HzOxMe3b&scp=0033736732&origin=inward'}]",https://api.elsevier.com/content/abstract/scopus_id/0033736732,SCOPUS_ID:0033736732,2-s2.0-0033736732,Agent systems and applications,Milojicic D.,IEEE Concurrency,10923063,8,2,22-23,2000-12-03,2000,10.1109/MCC.2000.846190,,13,"[{'@_fa': 'true', 'affilname': 'Hewlett Packard Laboratories', 'affiliation-city': 'Palo Alto', 'affiliation-country': 'United States'}]",Journal,ar,Article,61372,0,False,,,,,No abstract available
true,"[{'@_fa': 'true', '@ref': 'self', '@href': 'https://api.elsevier.com/content/abstract/scopus_id/0033728569'}, {'@_fa': 'true', '@ref': 'author-affiliation', '@href': 'https://api.elsevier.com/content/abstract/scopus_id/0033728569?field=author,affiliation'}, {'@_fa': 'true', '@ref': 'scopus', '@href': 'https://www.scopus.com/inward/record.uri?partnerID=HzOxMe3b&scp=0033728569&origin=inward'}, {'@_fa': 'true', '@ref': 'scopus-citedby', '@href': 'https://www.scopus.com/inward/citedby.uri?partnerID=HzOxMe3b&scp=0033728569&origin=inward'}]",https://api.elsevier.com/content/abstract/scopus_id/0033728569,SCOPUS_ID:0033728569,2-s2.0-0033728569,"Role modeling for agent system analysis, design, and implementation",Kendall E.,IEEE Concurrency,10923063,8,2,34-41,2000-12-03,2000,10.1109/4434.846192,,100,"[{'@_fa': 'true', 'affilname': 'Monash University', 'affiliation-city': 'Melbourne', 'affiliation-country': 'Australia'}]",Journal,ar,Article,61372,0,False,,,,,No abstract available
true,"[{'@_fa': 'true', '@ref': 'self', '@href': 'https://api.elsevier.com/content/abstract/scopus_id/0033727048'}, {'@_fa': 'true', '@ref': 'author-affiliation', '@href': 'https://api.elsevier.com/content/abstract/scopus_id/0033727048?field=author,affiliation'}, {'@_fa': 'true', '@ref': 'scopus', '@href': 'https://www.scopus.com/inward/record.uri?partnerID=HzOxMe3b&scp=0033727048&origin=inward'}, {'@_fa': 'true', '@ref': 'scopus-citedby', '@href': 'https://www.scopus.com/inward/citedby.uri?partnerID=HzOxMe3b&scp=0033727048&origin=inward'}]",https://api.elsevier.com/content/abstract/scopus_id/0033727048,SCOPUS_ID:0033727048,2-s2.0-0033727048,Distributed asynchronous search with private constraints,Silaghi M.C.,Proceedings of the International Conference on Autonomous Agents,,,,177-178,2000-12-03,2000,,,11,"[{'@_fa': 'true', 'affilname': 'École Polytechnique Fédérale de Lausanne', 'affiliation-city': 'Lausanne', 'affiliation-country': 'Switzerland'}]",Conference Proceeding,cp,Conference Paper,145636,0,False,,,,,
true,"[{'@_fa': 'true', '@ref': 'self', '@href': 'https://api.elsevier.com/content/abstract/scopus_id/0033726431'}, {'@_fa': 'true', '@ref': 'author-affiliation', '@href': 'https://api.elsevier.com/content/abstract/scopus_id/0033726431?field=author,affiliation'}, {'@_fa': 'true', '@ref': 'scopus', '@href': 'https://www.scopus.com/inward/record.uri?partnerID=HzOxMe3b&scp=0033726431&origin=inward'}, {'@_fa': 'true', '@ref': 'scopus-citedby', '@href': 'https://www.scopus.com/inward/citedby.uri?partnerID=HzOxMe3b&scp=0033726431&origin=inward'}]",https://api.elsevier.com/content/abstract/scopus_id/0033726431,SCOPUS_ID:0033726431,2-s2.0-0033726431,Satisficing revisited,Goodrich M.A.,Minds and Machines,09246495,10,1,79-110,2000-12-03,2000,10.1023/A:1008325423033,,46,"[{'@_fa': 'true', 'affilname': 'The Computer Science Department', 'affiliation-city': 'Provo', 'affiliation-country': 'United States'}, {'@_fa': 'true', 'affilname': 'Nissan USA', 'affiliation-city': 'Franklin', 'affiliation-country': 'United States'}]",Journal,ar,Article,24777,0,False,,,,,No abstract available
true,"[{'@_fa': 'true', '@ref': 'self', '@href': 'https://api.elsevier.com/content/abstract/scopus_id/0033726317'}, {'@_fa': 'true', '@ref': 'author-affiliation', '@href': 'https://api.elsevier.com/content/abstract/scopus_id/0033726317?field=author,affiliation'}, {'@_fa': 'true', '@ref': 'scopus', '@href': 'https://www.scopus.com/inward/record.uri?partnerID=HzOxMe3b&scp=0033726317&origin=inward'}, {'@_fa': 'true', '@ref': 'scopus-citedby', '@href': 'https://www.scopus.com/inward/citedby.uri?partnerID=HzOxMe3b&scp=0033726317&origin=inward'}]",https://api.elsevier.com/content/abstract/scopus_id/0033726317,SCOPUS_ID:0033726317,2-s2.0-0033726317,Ant-like missionaries and cannibals: Synthetic pheromones for distributed motion control,Van Dyke Parunak H.,Proceedings of the International Conference on Autonomous Agents,,,,467-474,2000-12-03,2000,,,27,"[{'@_fa': 'true', 'affilname': 'ERIM Cent for Electronic Commerce', 'affiliation-city': 'Ann Arbor', 'affiliation-country': 'United States'}]",Conference Proceeding,cp,Conference Paper,145636,0,False,,,,,
true,"[{'@_fa': 'true', '@ref': 'self', '@href': 'https://api.elsevier.com/content/abstract/scopus_id/0033726076'}, {'@_fa': 'true', '@ref': 'author-affiliation', '@href': 'https://api.elsevier.com/content/abstract/scopus_id/0033726076?field=author,affiliation'}, {'@_fa': 'true', '@ref': 'scopus', '@href': 'https://www.scopus.com/inward/record.uri?partnerID=HzOxMe3b&scp=0033726076&origin=inward'}, {'@_fa': 'true', '@ref': 'scopus-citedby', '@href': 'https://www.scopus.com/inward/citedby.uri?partnerID=HzOxMe3b&scp=0033726076&origin=inward'}]",https://api.elsevier.com/content/abstract/scopus_id/0033726076,SCOPUS_ID:0033726076,2-s2.0-0033726076,Bringing VR to the desktop: Are you game?,DeLeon V.,IEEE Multimedia,1070986X,7,2,68-72,2000-12-03,2000,10.1109/93.848433,,30,"[{'@_fa': 'true', 'affilname': 'Digitalo Studios', 'affiliation-city': 'Fort Lauderdale', 'affiliation-country': 'United States'}]",Journal,ar,Article,25531,0,False,,,,,No abstract available
true,"[{'@_fa': 'true', '@ref': 'self', '@href': 'https://api.elsevier.com/content/abstract/scopus_id/0033725761'}, {'@_fa': 'true', '@ref': 'author-affiliation', '@href': 'https://api.elsevier.com/content/abstract/scopus_id/0033725761?field=author,affiliation'}, {'@_fa': 'true', '@ref': 'scopus', '@href': 'https://www.scopus.com/inward/record.uri?partnerID=HzOxMe3b&scp=0033725761&origin=inward'}, {'@_fa': 'true', '@ref': 'scopus-citedby', '@href': 'https://www.scopus.com/inward/citedby.uri?partnerID=HzOxMe3b&scp=0033725761&origin=inward'}]",https://api.elsevier.com/content/abstract/scopus_id/0033725761,SCOPUS_ID:0033725761,2-s2.0-0033725761,New network architecture with intelligent node (IN) to enhance IEEE 802.14 HFC networks,Sheu S.,IEEE International Conference on Communications,,1,,170-174,2000-12-03,2000,,,0,"[{'@_fa': 'true', 'affilname': 'Tamkang University', 'affiliation-city': 'Taipei', 'affiliation-country': 'Taiwan'}]",Conference Proceeding,cp,Conference Paper,33201,0,False,,,,,
true,"[{'@_fa': 'true', '@ref': 'self', '@href': 'https://api.elsevier.com/content/abstract/scopus_id/0033724373'}, {'@_fa': 'true', '@ref': 'author-affiliation', '@href': 'https://api.elsevier.com/content/abstract/scopus_id/0033724373?field=author,affiliation'}, {'@_fa': 'true', '@ref': 'scopus', '@href': 'https://www.scopus.com/inward/record.uri?partnerID=HzOxMe3b&scp=0033724373&origin=inward'}, {'@_fa': 'true', '@ref': 'scopus-citedby', '@href': 'https://www.scopus.com/inward/citedby.uri?partnerID=HzOxMe3b&scp=0033724373&origin=inward'}]",https://api.elsevier.com/content/abstract/scopus_id/0033724373,SCOPUS_ID:0033724373,2-s2.0-0033724373,Advanced scheduling methodologies for flexible manufacturing systems using Petri nets and heuristic search,Moro A.,Proceedings - IEEE International Conference on Robotics and Automation,10504729,3,,2398-2403,2000-12-03,2000,,,26,"[{'@_fa': 'true', 'affilname': 'Liverpool John Moores University', 'affiliation-city': 'Liverpool', 'affiliation-country': 'United Kingdom'}]",Conference Proceeding,cp,Conference Paper,25456,0,False,,,,,
true,"[{'@_fa': 'true', '@ref': 'self', '@href': 'https://api.elsevier.com/content/abstract/scopus_id/0033724197'}, {'@_fa': 'true', '@ref': 'author-affiliation', '@href': 'https://api.elsevier.com/content/abstract/scopus_id/0033724197?field=author,affiliation'}, {'@_fa': 'true', '@ref': 'scopus', '@href': 'https://www.scopus.com/inward/record.uri?partnerID=HzOxMe3b&scp=0033724197&origin=inward'}, {'@_fa': 'true', '@ref': 'scopus-citedby', '@href': 'https://www.scopus.com/inward/citedby.uri?partnerID=HzOxMe3b&scp=0033724197&origin=inward'}]",https://api.elsevier.com/content/abstract/scopus_id/0033724197,SCOPUS_ID:0033724197,2-s2.0-0033724197,On the computation of optimal high-dives,Albro J.V.,Proceedings - IEEE International Conference on Robotics and Automation,10504729,4,,3958-3963,2000-12-03,2000,,,30,"[{'@_fa': 'true', 'affilname': 'University of California, Irvine', 'affiliation-city': 'Irvine', 'affiliation-country': 'United States'}]",Conference Proceeding,cp,Conference Paper,25456,0,False,,,,,
true,"[{'@_fa': 'true', '@ref': 'self', '@href': 'https://api.elsevier.com/content/abstract/scopus_id/0033723933'}, {'@_fa': 'true', '@ref': 'author-affiliation', '@href': 'https://api.elsevier.com/content/abstract/scopus_id/0033723933?field=author,affiliation'}, {'@_fa': 'true', '@ref': 'scopus', '@href': 'https://www.scopus.com/inward/record.uri?partnerID=HzOxMe3b&scp=0033723933&origin=inward'}, {'@_fa': 'true', '@ref': 'scopus-citedby', '@href': 'https://www.scopus.com/inward/citedby.uri?partnerID=HzOxMe3b&scp=0033723933&origin=inward'}]",https://api.elsevier.com/content/abstract/scopus_id/0033723933,SCOPUS_ID:0033723933,2-s2.0-0033723933,Configuration space as a means for augmenting human performance in teleoperation tasks,Ivanisevic I.,"IEEE Transactions on Systems, Man, and Cybernetics, Part B: Cybernetics",10834419,30,3,471-484,2000-12-03,2000,10.1109/3477.846235,,31,"[{'@_fa': 'true', 'affilname': 'University of Wisconsin', 'affiliation-city': 'Wisconsin', 'affiliation-country': 'United States'}]",Journal,ar,Article,12955,0,False,,,,,No abstract available
true,"[{'@_fa': 'true', '@ref': 'self', '@href': 'https://api.elsevier.com/content/abstract/scopus_id/0033722639'}, {'@_fa': 'true', '@ref': 'author-affiliation', '@href': 'https://api.elsevier.com/content/abstract/scopus_id/0033722639?field=author,affiliation'}, {'@_fa': 'true', '@ref': 'scopus', '@href': 'https://www.scopus.com/inward/record.uri?partnerID=HzOxMe3b&scp=0033722639&origin=inward'}, {'@_fa': 'true', '@ref': 'scopus-citedby', '@href': 'https://www.scopus.com/inward/citedby.uri?partnerID=HzOxMe3b&scp=0033722639&origin=inward'}]",https://api.elsevier.com/content/abstract/scopus_id/0033722639,SCOPUS_ID:0033722639,2-s2.0-0033722639,New generation of Content Addressable Memories for Associative Processing,Lewis H.,Proceedings of SPIE - The International Society for Optical Engineering,0277786X,3905,,164-172,2000-12-03,2000,,,0,,Conference Proceeding,cp,Conference Paper,40067,0,False,,,,,
true,"[{'@_fa': 'true', '@ref': 'self', '@href': 'https://api.elsevier.com/content/abstract/scopus_id/0033722446'}, {'@_fa': 'true', '@ref': 'author-affiliation', '@href': 'https://api.elsevier.com/content/abstract/scopus_id/0033722446?field=author,affiliation'}, {'@_fa': 'true', '@ref': 'scopus', '@href': 'https://www.scopus.com/inward/record.uri?partnerID=HzOxMe3b&scp=0033722446&origin=inward'}, {'@_fa': 'true', '@ref': 'scopus-citedby', '@href': 'https://www.scopus.com/inward/citedby.uri?partnerID=HzOxMe3b&scp=0033722446&origin=inward'}]",https://api.elsevier.com/content/abstract/scopus_id/0033722446,SCOPUS_ID:0033722446,2-s2.0-0033722446,Dynamic scheduling approach to group control of elevator systems with learning ability,Ho Y.,Proceedings - IEEE International Conference on Robotics and Automation,10504729,3,,2410-2415,2000-12-03,2000,,,15,"[{'@_fa': 'true', 'affilname': 'National Taiwan University', 'affiliation-city': 'Taipei', 'affiliation-country': 'Taiwan'}]",Conference Proceeding,cp,Conference Paper,25456,0,False,,,,,
true,"[{'@_fa': 'true', '@ref': 'self', '@href': 'https://api.elsevier.com/content/abstract/scopus_id/0033722435'}, {'@_fa': 'true', '@ref': 'author-affiliation', '@href': 'https://api.elsevier.com/content/abstract/scopus_id/0033722435?field=author,affiliation'}, {'@_fa': 'true', '@ref': 'scopus', '@href': 'https://www.scopus.com/inward/record.uri?partnerID=HzOxMe3b&scp=0033722435&origin=inward'}, {'@_fa': 'true', '@ref': 'scopus-citedby', '@href': 'https://www.scopus.com/inward/citedby.uri?partnerID=HzOxMe3b&scp=0033722435&origin=inward'}]",https://api.elsevier.com/content/abstract/scopus_id/0033722435,SCOPUS_ID:0033722435,2-s2.0-0033722435,Comparison of four fast vision based object recognition methods for programing by demonstration applications,Ehrenmann M.,Proceedings - IEEE International Conference on Robotics and Automation,10504729,2,,1862-1867,2000-12-03,2000,,,21,"[{'@_fa': 'true', 'affilname': 'Karlsruher Institut für Technologie, Campus Süd', 'affiliation-city': 'Karlsruhe', 'affiliation-country': 'Germany'}]",Conference Proceeding,cp,Conference Paper,25456,0,False,,,,,
true,"[{'@_fa': 'true', '@ref': 'self', '@href': 'https://api.elsevier.com/content/abstract/scopus_id/0033721799'}, {'@_fa': 'true', '@ref': 'author-affiliation', '@href': 'https://api.elsevier.com/content/abstract/scopus_id/0033721799?field=author,affiliation'}, {'@_fa': 'true', '@ref': 'scopus', '@href': 'https://www.scopus.com/inward/record.uri?partnerID=HzOxMe3b&scp=0033721799&origin=inward'}, {'@_fa': 'true', '@ref': 'scopus-citedby', '@href': 'https://www.scopus.com/inward/citedby.uri?partnerID=HzOxMe3b&scp=0033721799&origin=inward'}]",https://api.elsevier.com/content/abstract/scopus_id/0033721799,SCOPUS_ID:0033721799,2-s2.0-0033721799,Outline of the International Robot Games Festival,Nakano E.,Proceedings - IEEE International Conference on Robotics and Automation,10504729,1,,820-825,2000-12-03,2000,,,3,"[{'@_fa': 'true', 'affilname': 'Tohoku University', 'affiliation-city': 'Sendai', 'affiliation-country': 'Japan'}]",Conference Proceeding,cp,Conference Paper,25456,0,False,,,,,
true,"[{'@_fa': 'true', '@ref': 'self', '@href': 'https://api.elsevier.com/content/abstract/scopus_id/0033721633'}, {'@_fa': 'true', '@ref': 'author-affiliation', '@href': 'https://api.elsevier.com/content/abstract/scopus_id/0033721633?field=author,affiliation'}, {'@_fa': 'true', '@ref': 'scopus', '@href': 'https://www.scopus.com/inward/record.uri?partnerID=HzOxMe3b&scp=0033721633&origin=inward'}, {'@_fa': 'true', '@ref': 'scopus-citedby', '@href': 'https://www.scopus.com/inward/citedby.uri?partnerID=HzOxMe3b&scp=0033721633&origin=inward'}]",https://api.elsevier.com/content/abstract/scopus_id/0033721633,SCOPUS_ID:0033721633,2-s2.0-0033721633,Team of robotic agents for surveillance,Rybski P.,Proceedings of the International Conference on Autonomous Agents,,,,9-16,2000-12-03,2000,,,59,"[{'@_fa': 'true', 'affilname': 'University of Minnesota Twin Cities', 'affiliation-city': 'Minneapolis', 'affiliation-country': 'United States'}]",Conference Proceeding,cp,Conference Paper,145636,0,False,,,,,
true,"[{'@_fa': 'true', '@ref': 'self', '@href': 'https://api.elsevier.com/content/abstract/scopus_id/0033720676'}, {'@_fa': 'true', '@ref': 'author-affiliation', '@href': 'https://api.elsevier.com/content/abstract/scopus_id/0033720676?field=author,affiliation'}, {'@_fa': 'true', '@ref': 'scopus', '@href': 'https://www.scopus.com/inward/record.uri?partnerID=HzOxMe3b&scp=0033720676&origin=inward'}, {'@_fa': 'true', '@ref': 'scopus-citedby', '@href': 'https://www.scopus.com/inward/citedby.uri?partnerID=HzOxMe3b&scp=0033720676&origin=inward'}]",https://api.elsevier.com/content/abstract/scopus_id/0033720676,SCOPUS_ID:0033720676,2-s2.0-0033720676,Generating artificially mastered motions for an upper limb in baseball pitching from several objective functions,Mochizuki Y.,"IEEE Transactions on Systems, Man, and Cybernetics, Part B: Cybernetics",10834419,30,3,373-382,2000-12-03,2000,10.1109/3477.846228,,16,"[{'@_fa': 'true', 'affilname': 'Panasonic Corporation', 'affiliation-city': 'Tokyo', 'affiliation-country': 'Japan'}, {'@_fa': 'true', 'affilname': 'IEEE', 'affiliation-city': 'New York', 'affiliation-country': 'United States'}, {'@_fa': 'true', 'affilname': 'Lab of Image Information Science and', 'affiliation-city': 'Osaka', 'affiliation-country': 'Japan'}]",Journal,ar,Article,12955,0,False,,,,,No abstract available
true,"[{'@_fa': 'true', '@ref': 'self', '@href': 'https://api.elsevier.com/content/abstract/scopus_id/0033720226'}, {'@_fa': 'true', '@ref': 'author-affiliation', '@href': 'https://api.elsevier.com/content/abstract/scopus_id/0033720226?field=author,affiliation'}, {'@_fa': 'true', '@ref': 'scopus', '@href': 'https://www.scopus.com/inward/record.uri?partnerID=HzOxMe3b&scp=0033720226&origin=inward'}, {'@_fa': 'true', '@ref': 'scopus-citedby', '@href': 'https://www.scopus.com/inward/citedby.uri?partnerID=HzOxMe3b&scp=0033720226&origin=inward'}]",https://api.elsevier.com/content/abstract/scopus_id/0033720226,SCOPUS_ID:0033720226,2-s2.0-0033720226,Local-based method for manipulators path planning in heavy cluttered environments,Helguera C.,Proceedings - IEEE International Conference on Robotics and Automation,10504729,4,,3467-3472,2000-12-03,2000,,,12,"[{'@_fa': 'true', 'affilname': 'Université de Poitiers', 'affiliation-city': 'Poitiers', 'affiliation-country': 'France'}]",Conference Proceeding,cp,Conference Paper,25456,0,False,,,,,
true,"[{'@_fa': 'true', '@ref': 'self', '@href': 'https://api.elsevier.com/content/abstract/scopus_id/0033719947'}, {'@_fa': 'true', '@ref': 'author-affiliation', '@href': 'https://api.elsevier.com/content/abstract/scopus_id/0033719947?field=author,affiliation'}, {'@_fa': 'true', '@ref': 'scopus', '@href': 'https://www.scopus.com/inward/record.uri?partnerID=HzOxMe3b&scp=0033719947&origin=inward'}, {'@_fa': 'true', '@ref': 'scopus-citedby', '@href': 'https://www.scopus.com/inward/citedby.uri?partnerID=HzOxMe3b&scp=0033719947&origin=inward'}]",https://api.elsevier.com/content/abstract/scopus_id/0033719947,SCOPUS_ID:0033719947,2-s2.0-0033719947,"Building dynamic organizations of distributed, heterogeneous agents",Pynadath D.,Proceedings of the International Conference on Autonomous Agents,,,,195-196,2000-12-03,2000,,,0,"[{'@_fa': 'true', 'affilname': 'University of Southern California', 'affiliation-city': 'Los Angeles', 'affiliation-country': 'United States'}]",Conference Proceeding,cp,Conference Paper,145636,0,False,,,,,
true,"[{'@_fa': 'true', '@ref': 'self', '@href': 'https://api.elsevier.com/content/abstract/scopus_id/0033719761'}, {'@_fa': 'true', '@ref': 'author-affiliation', '@href': 'https://api.elsevier.com/content/abstract/scopus_id/0033719761?field=author,affiliation'}, {'@_fa': 'true', '@ref': 'scopus', '@href': 'https://www.scopus.com/inward/record.uri?partnerID=HzOxMe3b&scp=0033719761&origin=inward'}, {'@_fa': 'true', '@ref': 'scopus-citedby', '@href': 'https://www.scopus.com/inward/citedby.uri?partnerID=HzOxMe3b&scp=0033719761&origin=inward'}]",https://api.elsevier.com/content/abstract/scopus_id/0033719761,SCOPUS_ID:0033719761,2-s2.0-0033719761,Multi-agent architecture for intelligent home network service using tuple space model,Moon J.,Digest of Technical Papers - IEEE International Conference on Consumer Electronics,0747668X,,,370-371,2000-12-03,2000,,,1,"[{'@_fa': 'true', 'affilname': 'Kyungpook National University (KNU)', 'affiliation-city': 'Daegu', 'affiliation-country': 'South Korea'}]",Conference Proceeding,cp,Conference Paper,26010,0,False,,,,,
true,"[{'@_fa': 'true', '@ref': 'self', '@href': 'https://api.elsevier.com/content/abstract/scopus_id/0033718311'}, {'@_fa': 'true', '@ref': 'author-affiliation', '@href': 'https://api.elsevier.com/content/abstract/scopus_id/0033718311?field=author,affiliation'}, {'@_fa': 'true', '@ref': 'scopus', '@href': 'https://www.scopus.com/inward/record.uri?partnerID=HzOxMe3b&scp=0033718311&origin=inward'}, {'@_fa': 'true', '@ref': 'scopus-citedby', '@href': 'https://www.scopus.com/inward/citedby.uri?partnerID=HzOxMe3b&scp=0033718311&origin=inward'}]",https://api.elsevier.com/content/abstract/scopus_id/0033718311,SCOPUS_ID:0033718311,2-s2.0-0033718311,Impedance fields for trajectory enhancement in the intelligent assist device,Luecke G.,Proceedings - IEEE International Conference on Robotics and Automation,10504729,3,,2783-2788,2000-12-03,2000,,,4,"[{'@_fa': 'true', 'affilname': 'Iowa State University', 'affiliation-city': 'Ames', 'affiliation-country': 'United States'}]",Conference Proceeding,cp,Conference Paper,25456,0,False,,,,,
true,"[{'@_fa': 'true', '@ref': 'self', '@href': 'https://api.elsevier.com/content/abstract/scopus_id/0033717861'}, {'@_fa': 'true', '@ref': 'author-affiliation', '@href': 'https://api.elsevier.com/content/abstract/scopus_id/0033717861?field=author,affiliation'}, {'@_fa': 'true', '@ref': 'scopus', '@href': 'https://www.scopus.com/inward/record.uri?partnerID=HzOxMe3b&scp=0033717861&origin=inward'}, {'@_fa': 'true', '@ref': 'scopus-citedby', '@href': 'https://www.scopus.com/inward/citedby.uri?partnerID=HzOxMe3b&scp=0033717861&origin=inward'}]",https://api.elsevier.com/content/abstract/scopus_id/0033717861,SCOPUS_ID:0033717861,2-s2.0-0033717861,Whistling in the dark: Cooperative trail following in uncertain localization space,Vaughan R.,Proceedings of the International Conference on Autonomous Agents,,,,187-194,2000-12-03,2000,,,50,"[{'@_fa': 'true', 'affilname': 'University of Southern California', 'affiliation-city': 'Los Angeles', 'affiliation-country': 'United States'}]",Conference Proceeding,cp,Conference Paper,145636,0,False,,,,,
true,"[{'@_fa': 'true', '@ref': 'self', '@href': 'https://api.elsevier.com/content/abstract/scopus_id/0033717860'}, {'@_fa': 'true', '@ref': 'author-affiliation', '@href': 'https://api.elsevier.com/content/abstract/scopus_id/0033717860?field=author,affiliation'}, {'@_fa': 'true', '@ref': 'scopus', '@href': 'https://www.scopus.com/inward/record.uri?partnerID=HzOxMe3b&scp=0033717860&origin=inward'}, {'@_fa': 'true', '@ref': 'scopus-citedby', '@href': 'https://www.scopus.com/inward/citedby.uri?partnerID=HzOxMe3b&scp=0033717860&origin=inward'}]",https://api.elsevier.com/content/abstract/scopus_id/0033717860,SCOPUS_ID:0033717860,2-s2.0-0033717860,Multi-Attribute Utility Theoretic negotiation architecture for electronic commerce,Barbuceanu M.,Proceedings of the International Conference on Autonomous Agents,,,,239-246,2000-12-03,2000,,,68,"[{'@_fa': 'true', 'affilname': 'University of Toronto', 'affiliation-city': 'Toronto', 'affiliation-country': 'Canada'}]",Conference Proceeding,cp,Conference Paper,145636,0,False,,,,,
true,"[{'@_fa': 'true', '@ref': 'self', '@href': 'https://api.elsevier.com/content/abstract/scopus_id/0033716797'}, {'@_fa': 'true', '@ref': 'author-affiliation', '@href': 'https://api.elsevier.com/content/abstract/scopus_id/0033716797?field=author,affiliation'}, {'@_fa': 'true', '@ref': 'scopus', '@href': 'https://www.scopus.com/inward/record.uri?partnerID=HzOxMe3b&scp=0033716797&origin=inward'}, {'@_fa': 'true', '@ref': 'scopus-citedby', '@href': 'https://www.scopus.com/inward/citedby.uri?partnerID=HzOxMe3b&scp=0033716797&origin=inward'}]",https://api.elsevier.com/content/abstract/scopus_id/0033716797,SCOPUS_ID:0033716797,2-s2.0-0033716797,MadKit: A generic multi-agent platform,Gutknecht O.,Proceedings of the International Conference on Autonomous Agents,,,,78-79,2000-12-03,2000,,,75,"[{'@_fa': 'true', 'affilname': 'Université de Montpellier', 'affiliation-city': 'Montpellier', 'affiliation-country': 'France'}]",Conference Proceeding,cp,Conference Paper,145636,0,False,,,,,
true,"[{'@_fa': 'true', '@ref': 'self', '@href': 'https://api.elsevier.com/content/abstract/scopus_id/0033716792'}, {'@_fa': 'true', '@ref': 'author-affiliation', '@href': 'https://api.elsevier.com/content/abstract/scopus_id/0033716792?field=author,affiliation'}, {'@_fa': 'true', '@ref': 'scopus', '@href': 'https://www.scopus.com/inward/record.uri?partnerID=HzOxMe3b&scp=0033716792&origin=inward'}, {'@_fa': 'true', '@ref': 'scopus-citedby', '@href': 'https://www.scopus.com/inward/citedby.uri?partnerID=HzOxMe3b&scp=0033716792&origin=inward'}]",https://api.elsevier.com/content/abstract/scopus_id/0033716792,SCOPUS_ID:0033716792,2-s2.0-0033716792,BoB: An interactive improvisational music companion,Thom B.,Proceedings of the International Conference on Autonomous Agents,,,,309-316,2000-12-03,2000,,,41,"[{'@_fa': 'true', 'affilname': 'Carnegie Mellon University', 'affiliation-city': 'Pittsburgh', 'affiliation-country': 'United States'}]",Conference Proceeding,cp,Conference Paper,145636,0,False,,,,,
true,"[{'@_fa': 'true', '@ref': 'self', '@href': 'https://api.elsevier.com/content/abstract/scopus_id/0033715952'}, {'@_fa': 'true', '@ref': 'author-affiliation', '@href': 'https://api.elsevier.com/content/abstract/scopus_id/0033715952?field=author,affiliation'}, {'@_fa': 'true', '@ref': 'scopus', '@href': 'https://www.scopus.com/inward/record.uri?partnerID=HzOxMe3b&scp=0033715952&origin=inward'}, {'@_fa': 'true', '@ref': 'scopus-citedby', '@href': 'https://www.scopus.com/inward/citedby.uri?partnerID=HzOxMe3b&scp=0033715952&origin=inward'}]",https://api.elsevier.com/content/abstract/scopus_id/0033715952,SCOPUS_ID:0033715952,2-s2.0-0033715952,Framework for decentralized control of autonomous vehicles,Stilwell D.,Proceedings - IEEE International Conference on Robotics and Automation,10504729,3,,2358-2363,2000-12-03,2000,,,19,"[{'@_fa': 'true', 'affilname': 'US Naval Academy', 'affiliation-city': 'Annapolis', 'affiliation-country': 'United States'}]",Conference Proceeding,cp,Conference Paper,25456,0,False,,,,,
true,"[{'@_fa': 'true', '@ref': 'self', '@href': 'https://api.elsevier.com/content/abstract/scopus_id/0033714701'}, {'@_fa': 'true', '@ref': 'author-affiliation', '@href': 'https://api.elsevier.com/content/abstract/scopus_id/0033714701?field=author,affiliation'}, {'@_fa': 'true', '@ref': 'scopus', '@href': 'https://www.scopus.com/inward/record.uri?partnerID=HzOxMe3b&scp=0033714701&origin=inward'}, {'@_fa': 'true', '@ref': 'scopus-citedby', '@href': 'https://www.scopus.com/inward/citedby.uri?partnerID=HzOxMe3b&scp=0033714701&origin=inward'}]",https://api.elsevier.com/content/abstract/scopus_id/0033714701,SCOPUS_ID:0033714701,2-s2.0-0033714701,Agent-based approach to alleviating packaging mismatch,Blake B.,Proceedings of the International Conference on Autonomous Agents,,,,64-69,2000-12-03,2000,,,2,"[{'@_fa': 'true', 'affilname': 'George Mason University', 'affiliation-city': 'Fairfax', 'affiliation-country': 'United States'}]",Conference Proceeding,cp,Conference Paper,145636,0,False,,,,,
true,"[{'@_fa': 'true', '@ref': 'self', '@href': 'https://api.elsevier.com/content/abstract/scopus_id/0033714689'}, {'@_fa': 'true', '@ref': 'author-affiliation', '@href': 'https://api.elsevier.com/content/abstract/scopus_id/0033714689?field=author,affiliation'}, {'@_fa': 'true', '@ref': 'scopus', '@href': 'https://www.scopus.com/inward/record.uri?partnerID=HzOxMe3b&scp=0033714689&origin=inward'}, {'@_fa': 'true', '@ref': 'scopus-citedby', '@href': 'https://www.scopus.com/inward/citedby.uri?partnerID=HzOxMe3b&scp=0033714689&origin=inward'}]",https://api.elsevier.com/content/abstract/scopus_id/0033714689,SCOPUS_ID:0033714689,2-s2.0-0033714689,Knowledge-based approach for designing intelligent team training systems,Yin J.,Proceedings of the International Conference on Autonomous Agents,,,,427-434,2000-12-03,2000,,,28,"[{'@_fa': 'true', 'affilname': 'Texas A&amp;M University', 'affiliation-city': 'College Station', 'affiliation-country': 'United States'}]",Conference Proceeding,cp,Conference Paper,145636,0,False,,,,,
true,"[{'@_fa': 'true', '@ref': 'self', '@href': 'https://api.elsevier.com/content/abstract/scopus_id/0033708376'}, {'@_fa': 'true', '@ref': 'author-affiliation', '@href': 'https://api.elsevier.com/content/abstract/scopus_id/0033708376?field=author,affiliation'}, {'@_fa': 'true', '@ref': 'scopus', '@href': 'https://www.scopus.com/inward/record.uri?partnerID=HzOxMe3b&scp=0033708376&origin=inward'}, {'@_fa': 'true', '@ref': 'scopus-citedby', '@href': 'https://www.scopus.com/inward/citedby.uri?partnerID=HzOxMe3b&scp=0033708376&origin=inward'}]",https://api.elsevier.com/content/abstract/scopus_id/0033708376,SCOPUS_ID:0033708376,2-s2.0-0033708376,New potential field method for robot path planning,Wang Y.,Proceedings - IEEE International Conference on Robotics and Automation,10504729,2,,977-982,2000-12-03,2000,,,126,"[{'@_fa': 'true', 'affilname': 'Johns Hopkins University', 'affiliation-city': 'Baltimore', 'affiliation-country': 'United States'}]",Conference Proceeding,cp,Conference Paper,25456,0,False,,,,,
true,"[{'@_fa': 'true', '@ref': 'self', '@href': 'https://api.elsevier.com/content/abstract/scopus_id/0033707840'}, {'@_fa': 'true', '@ref': 'author-affiliation', '@href': 'https://api.elsevier.com/content/abstract/scopus_id/0033707840?field=author,affiliation'}, {'@_fa': 'true', '@ref': 'scopus', '@href': 'https://www.scopus.com/inward/record.uri?partnerID=HzOxMe3b&scp=0033707840&origin=inward'}, {'@_fa': 'true', '@ref': 'scopus-citedby', '@href': 'https://www.scopus.com/inward/citedby.uri?partnerID=HzOxMe3b&scp=0033707840&origin=inward'}]",https://api.elsevier.com/content/abstract/scopus_id/0033707840,SCOPUS_ID:0033707840,2-s2.0-0033707840,Agents and virtual environments for communication and decision training for emergencies,Doerner R.,Proceedings of the International Conference on Autonomous Agents,,,,50-51,2000-12-03,2000,,,2,"[{'@_fa': 'true', 'affilname': 'Fraunhofer Applications Center for Computer Graphics', 'affiliation-city': 'Frankfurt am Main', 'affiliation-country': 'Germany'}]",Conference Proceeding,cp,Conference Paper,145636,0,False,,,,,
true,"[{'@_fa': 'true', '@ref': 'self', '@href': 'https://api.elsevier.com/content/abstract/scopus_id/0033707015'}, {'@_fa': 'true', '@ref': 'author-affiliation', '@href': 'https://api.elsevier.com/content/abstract/scopus_id/0033707015?field=author,affiliation'}, {'@_fa': 'true', '@ref': 'scopus', '@href': 'https://www.scopus.com/inward/record.uri?partnerID=HzOxMe3b&scp=0033707015&origin=inward'}, {'@_fa': 'true', '@ref': 'scopus-citedby', '@href': 'https://www.scopus.com/inward/citedby.uri?partnerID=HzOxMe3b&scp=0033707015&origin=inward'}]",https://api.elsevier.com/content/abstract/scopus_id/0033707015,SCOPUS_ID:0033707015,2-s2.0-0033707015,RoboCup-Rescue project: a robotic approach to the disaster mitigation problem,Tadokoro S.,Proceedings - IEEE International Conference on Robotics and Automation,10504729,4,,4089-4094,2000-12-03,2000,,,108,"[{'@_fa': 'true', 'affilname': 'Kobe University', 'affiliation-city': 'Kobe', 'affiliation-country': 'Japan'}]",Conference Proceeding,cp,Conference Paper,25456,0,False,,,,,
true,"[{'@_fa': 'true', '@ref': 'self', '@href': 'https://api.elsevier.com/content/abstract/scopus_id/0033706354'}, {'@_fa': 'true', '@ref': 'author-affiliation', '@href': 'https://api.elsevier.com/content/abstract/scopus_id/0033706354?field=author,affiliation'}, {'@_fa': 'true', '@ref': 'scopus', '@href': 'https://www.scopus.com/inward/record.uri?partnerID=HzOxMe3b&scp=0033706354&origin=inward'}, {'@_fa': 'true', '@ref': 'scopus-citedby', '@href': 'https://www.scopus.com/inward/citedby.uri?partnerID=HzOxMe3b&scp=0033706354&origin=inward'}]",https://api.elsevier.com/content/abstract/scopus_id/0033706354,SCOPUS_ID:0033706354,2-s2.0-0033706354,Robust localization for 3D object recognition using local EGI and 3D template matching with M-estimators,Kawamura K.,Proceedings - IEEE International Conference on Robotics and Automation,10504729,2,,1848-1855,2000-12-03,2000,,,6,"[{'@_fa': 'true', 'affilname': 'Kyushu Electric Power Co, Inc', 'affiliation-city': 'Fukuoka', 'affiliation-country': 'Japan'}]",Conference Proceeding,cp,Conference Paper,25456,0,False,,,,,
true,"[{'@_fa': 'true', '@ref': 'self', '@href': 'https://api.elsevier.com/content/abstract/scopus_id/0033705791'}, {'@_fa': 'true', '@ref': 'author-affiliation', '@href': 'https://api.elsevier.com/content/abstract/scopus_id/0033705791?field=author,affiliation'}, {'@_fa': 'true', '@ref': 'scopus', '@href': 'https://www.scopus.com/inward/record.uri?partnerID=HzOxMe3b&scp=0033705791&origin=inward'}, {'@_fa': 'true', '@ref': 'scopus-citedby', '@href': 'https://www.scopus.com/inward/citedby.uri?partnerID=HzOxMe3b&scp=0033705791&origin=inward'}]",https://api.elsevier.com/content/abstract/scopus_id/0033705791,SCOPUS_ID:0033705791,2-s2.0-0033705791,Broadcast of Local Eligibility: Behavior-based control for strongly cooperative robot teams,Werger B.,Proceedings of the International Conference on Autonomous Agents,,,,21-22,2000-12-03,2000,,,53,"[{'@_fa': 'true', 'affilname': 'University of Southern California', 'affiliation-city': 'Los Angeles', 'affiliation-country': 'United States'}]",Conference Proceeding,cp,Conference Paper,145636,0,False,,,,,
